<?xml version="1.0" encoding="UTF-8"?>
<metadata xml:lang="en"><Esri><CreaDate>20180425</CreaDate><CreaTime>15171700</CreaTime><ArcGISFormat>1.0</ArcGISFormat><SyncOnce>TRUE</SyncOnce><DataProperties><itemProps><itemLocation><linkage Sync="TRUE">file://\\G5N0CV09J964209\C$\Users\Rohit\Documents\ArcGIS\Projects\AHP\Data\Fire_Stations</linkage><protocol Sync="TRUE">Local Area Network</protocol></itemLocation></itemProps><copyHistory><copy source="G:\Masters Project\Data\Final_Project_Data\Fire_Stations" dest="\\G5N0CV09J964209\C$\Users\Rohit\Documents\ArcGIS\Projects\AHP\Data\Fire_Stations" date="20180425" time="15171700"></copy></copyHistory><lineage><Process ToolSource="c:\program files\arcgis\pro\Resources\ArcToolbox\toolboxes\Data Management Tools.tbx\Copy" Date="20180425" Time="151717">Copy "G:\Masters Project\Data\Final_Project_Data\Fire_Stations.shp" C:\Users\Rohit\Documents\ArcGIS\Projects\AHP\Data\Fire_Stations.shp shapefile_point #</Process></lineage></DataProperties></Esri></metadata>
