<?xml version="1.0" encoding="UTF-8"?>
<metadata xml:lang="en"><Esri><CreaDate>20180425</CreaDate><CreaTime>15180700</CreaTime><ArcGISFormat>1.0</ArcGISFormat><SyncOnce>TRUE</SyncOnce><DataProperties><itemProps><itemLocation><linkage Sync="TRUE">file://\\G5N0CV09J964209\C$\Users\Rohit\Documents\ArcGIS\Projects\AHP\Data\Parks</linkage><protocol Sync="TRUE">Local Area Network</protocol></itemLocation></itemProps><copyHistory><copy source="G:\Masters Project\Data\Final_Project_Data\Parks" dest="\\G5N0CV09J964209\C$\Users\Rohit\Documents\ArcGIS\Projects\AHP\Data\Parks" date="20180425" time="15180700"></copy></copyHistory><lineage><Process ToolSource="c:\program files\arcgis\pro\Resources\ArcToolbox\toolboxes\Data Management Tools.tbx\Copy" Date="20180425" Time="151807">Copy "G:\Masters Project\Data\Final_Project_Data\Parks.shp" C:\Users\Rohit\Documents\ArcGIS\Projects\AHP\Data\Parks.shp shapefile_polygon #</Process></lineage></DataProperties></Esri></metadata>
